metric_name,value,unit,year,page_number,confidence_score
Number of companies in Ireland's cyber security sector,500.0,,,3,0.8500000000000001
Number of people employed in Ireland's cyber security sector,7500.0,,,3,0.8500000000000001
Revenues of Ireland's cyber security sector,2100000000.0,€,2021,3,0.9000000000000001
Gross Value Added of Ireland's cyber security sector,1100000000.0,€,2021,3,0.9000000000000001
Revenue per employee in Ireland's cyber security sector,150000.0,€,,3,0.9000000000000001
Number of jobs in Ireland's cyber security sector by 2030,17000.0,,2030,3,0.9000000000000001
Gross Value Added of Ireland's cyber security sector by 2030,2100000000.0,€,2030,3,0.9000000000000001
Number of firms,489.0,count,2022,4,0.8500000000000001
Percentage of firms offering dedicated cyber security services,33.0,%,2022,4,0.8500000000000001
Percentage of firms offering diversified services,67.0,%,2022,4,0.8500000000000001
Number of large firms,162.0,count,2022,4,0.8500000000000001
Number of SMEs,162.0,count,2022,4,0.8500000000000001
Percentage of indigenous firms,50.0,%,2022,4,0.8500000000000001
Number of cyber security professionals,7351.0,count,2022,4,0.8500000000000001
Percentage of firms employing between one to nine cyber security professionals,66.0,%,2022,4,0.8500000000000001
Percentage of employment supported by foreign direct investment,71.0,%,2022,4,0.9000000000000001
Percentage of firms headquartered in the United States,28.0,%,2022,4,0.9000000000000001
Percentage of employment supported by firms headquartered in the United States,55.0,%,2022,4,0.9000000000000001
18,18.0,,,10,0.8
18,18.0,,,10,0.8
19,19.0,,,10,0.8
02,2.0,,,10,0.8
2019,2019.0,,2019,10,0.8
2019,2019.0,,2019,10,0.8
2024,2024.0,,2024,10,0.8
2.1,2.1,,,10,0.8
Number of cyber security offices in Cork region,129.0,offices,,16,0.8500000000000001
Number of offices in Limerick region,30.0,offices,,16,0.8500000000000001
Number of offices in Dublin region,30.0,offices,,16,0.8500000000000001
Number of firms offering a product or service within the sector,489.0,,,32,0.8500000000000001
Number of employees in the sector,7351.0,,,32,0.9000000000000001
Percentage of employees employed in a firm headquartered overseas,71.0,%,,32,0.9000000000000001
Percentage of employment supported by US-headquartered firms,55.0,%,,32,0.9000000000000001
Number of offices across the country,734.0,,,32,0.8500000000000001
GVA generated by the cyber security sector,1100000000.0,€,,32,0.9000000000000001
GVA per employee within the cyber security sector,150000.0,€,,32,0.9000000000000001
UK estimate of GVA per employee,120000.0,€,,32,0.9000000000000001
72,72.0,,,37,0.8
73,73.0,,,37,0.8
9.2,9.2,,,37,0.8
85,85.0,,2020,37,0.8500000000000001
31 billion,31000000000.0,USD,2021,37,0.8500000000000001
"250,000",250000.0,,2021,37,0.8500000000000001
250k,250000.0,,2025,37,0.8500000000000001
10 times more,10.0,,,37,0.8500000000000001
74,74.0,,,38,0.8
75,75.0,,,38,0.8
450,450.0,companies,2018,38,0.8500000000000001
Number of cyber security providers identified in Ireland,489.0,,,9,0.8500000000000001
six hundred,600.0,,,9,0.8500000000000001
Number of firms,489.0,,,12,0.8500000000000001
Percentage of large firms,44.0,%,,12,0.9000000000000001
Percentage of large firms in the UK,10.0,%,2021,12,0.9000000000000001
Percentage of SMEs,56.0,%,,12,0.9000000000000001
Percentage of medium-sized firms,12.0,%,,12,0.9000000000000001
Percentage of small firms,16.0,%,,12,0.9000000000000001
Percentage of micro-enterprises,28.0,%,,12,0.9000000000000001
percentage,49.0,%,,13,0.8500000000000001
percentage,46.0,M,,13,0.8500000000000001
percentage,60.0,%,,13,0.8500000000000001
percentage,39.0,%,,13,0.8500000000000001
percentage,40.0,%,,13,0.8500000000000001
percentage,28.0,%,,13,0.8500000000000001
percentage,53.0,,,13,0.8
percentage,21.0,,,13,0.8
percentage,11.0,%,,13,0.8500000000000001
percentage,1.0,%,,13,0.8500000000000001
number,139.0,,,13,0.8
number,8.0,,,13,0.8
number,9.0,,,13,0.8
number,6.0,,,13,0.8
number,4.0,%,,13,0.8500000000000001
number,2.0,%,,13,0.8500000000000001
number,51.0,M,,13,0.8500000000000001
Number of Large Firms,194.0,,,14,0.9000000000000001
Percentage of Large Firms,89.0,%,,14,0.9000000000000001
Number of Medium Firms,23.0,,,14,0.8500000000000001
Percentage of Medium Firms,11.0,%,,14,0.8500000000000001
Number of Small Firms,17.0,,,14,0.8500000000000001
Percentage of Small Firms,29.0,%,,14,0.8500000000000001
Number of Micro Firms,41.0,,,14,0.8500000000000001
Percentage of Micro Firms,71.0,%,,14,0.8500000000000001
Number of Total Firms,249.0,,,14,0.8500000000000001
Percentage of Total Firms,51.0,%,,14,0.8500000000000001
Number of Total Firms,217.0,,,14,0.9000000000000001
Number of Total Firms,58.0,,,14,0.8500000000000001
Number of Total Firms,77.0,,,14,0.8500000000000001
Number of Total Firms,137.0,,,14,0.8500000000000001
Number of Total Firms,489.0,,,14,0.8500000000000001
Number of Total Firms,240.0,,,14,0.8500000000000001
Population,2101.0,,,18,0.8
Percentage,29.0,%,,18,0.8500000000000001
Value,475.0,,,18,0.8500000000000001
Percentage,6.0,%,,18,0.9000000000000001
Value,253.0,,,18,0.9000000000000001
Value,196.0,,,18,0.9000000000000001
Value,150.0,,,18,0.9000000000000001
Value,120.0,,,18,0.8
Percentage,3.0,%,,18,0.9000000000000001
Percentage,313.0,%,,18,0.9000000000000001
Value,10.0,,,18,0.9000000000000001
Percentage,2.0,%,,18,0.9000000000000001
Percentage,2.0,%,,18,0.9000000000000001
Percentage,0.0,%,,18,0.9000000000000001
Average Salary Per Employee of Dedicated Firms,75000.0,€k,,19,0.8500000000000001
Average Salary Per Employee of Diversified Firms,155000.0,€k,,19,0.8500000000000001
Number of Employees of Dedicated Firms,3372.0,,,19,0.8500000000000001
Number of Employees of Diversified Firms,3983.0,,,19,0.8500000000000001
Total GVA of Dedicated Firms,459000000.0,€,,19,0.8500000000000001
Total GVA of Diversified Firms,617000000.0,€,,19,0.8500000000000001
Total Estimated GVA,1100000000.0,€,,19,0.8500000000000001
Average Salary E,75.0,k€,,20,0.8500000000000001
Average Salary P,136.0,k€,,20,0.8500000000000001
Number of Employees E,3372.0,,,20,0.8500000000000001
GVA E,459.0,m€,,20,0.8500000000000001
Average Salary E,77.0,k€,,20,0.8500000000000001
Average Salary P,155.0,k€,,20,0.8500000000000001
Number of Employees E,3983.0,,,20,0.8500000000000001
GVA E,617.0,m€,,20,0.8500000000000001
Total GVA,1100.0,m€,,20,0.8500000000000001
Total Revenue,2100.0,m€,,20,0.8500000000000001
number of cyber security firms in the US,3500.0,,,21,0.8500000000000001
number of cyber security firms in Ireland,491.0,,,21,0.8500000000000001
percentage of employment supported by US firms in Ireland,50.0,%,,21,0.8500000000000001
Number of known firms,55.0,domestic SMEs,,22,0.8500000000000001
Number of firms,424.0,,,22,0.8500000000000001
Number of firms,424.0,"5 per 100,000 national population",,22,0.8500000000000001
20% of global FDI,20.0,%,2016,22,0.9500000000000002
c.$6.5bn dollars’ worth of cyber security technology,6.5,bn dollars,2016,22,0.9500000000000002
€200m,200.0,m euros,,22,0.9500000000000002
funding amount,41000000.0,USD,2019,26,0.8500000000000001
number of funding rounds,3.0,,2019,26,0.8500000000000001
funding amount,6500000.0,EUR,2017,26,0.9000000000000001
number of funding rounds,3.0,,2017,26,0.9000000000000001
number of hospitals,23.0,,,26,0.8500000000000001
number of outpatient facilities,830.0,,,26,0.8500000000000001
funding amount,3300000.0,USD,2021,26,0.8500000000000001
number of funding rounds,1.0,,2021,26,0.8500000000000001
funding amount,2400000.0,EUR,2019,26,0.9000000000000001
number of funding rounds,2.0,,2019,26,0.9000000000000001
GVA,1075523670.0,€,2021,27,0.8500000000000001
GVA,1183076038.0,€,2022,27,0.8500000000000001
GVA,1301383641.0,€,2023,27,0.8500000000000001
GVA,1431522005.0,€,2024,27,0.8500000000000001
GVA,1574674206.0,€,2025,27,0.8500000000000001
GVA,1732141627.0,€,2026,27,0.8500000000000001
GVA,1905355789.0,€,2027,27,0.8500000000000001
GVA,2095891368.0,€,2028,27,0.8500000000000001
GVA,2305480505.0,€,2029,27,0.8500000000000001
GVA,2536028556.0,€,2030,27,0.8500000000000001
Employment,7351.0,,2021,27,0.9000000000000001
Employment,8086.0,,2022,27,0.9000000000000001
Employment,8895.0,,2023,27,0.8500000000000001
Employment,9784.0,,2024,27,0.8500000000000001
Employment,10763.0,,2025,27,0.8500000000000001
Employment,11839.0,,2026,27,0.8500000000000001
Employment,13023.0,,2027,27,0.8500000000000001
Employment,14225.0,,2028,27,0.8500000000000001
Employment,15758.0,,2029,27,0.8500000000000001
Employment,17333.0,,2030,27,0.8500000000000001
Amount,46000000.0,GBP,,30,0.8500000000000001
Amount,39000.0,,,30,0.8
Amount,51000000.0,GBP,,30,0.8500000000000001
Percentage,87.0,%,,30,0.8500000000000001
Amount,29.0,,,30,0.8
Amount,17.0,,,30,0.8
Amount,14.0,,,30,0.8
Amount,13.0,,,30,0.8
Amount,8.0,,,30,0.8
Amount,5.0,,,30,0.8
Amount,4.0,,,30,0.8
Amount,1.0,,,30,0.8
Number,1.0,,,1,1.0
Number of pages,2.0,,,2,1.0
Number of pages,3.0,,,2,1.0
Page number,4.0,,,2,1.0
Page number,5.0,,,2,1.0
Page number,6.0,,,2,1.0
Page number,7.0,,,2,1.0
Page number,9.0,,,2,1.0
Page number,12.0,,,2,1.0
Page number,14.0,,,2,1.0
Page number,14.0,,,2,1.0
Page number,15.0,,,2,1.0
Page number,16.0,,,2,1.0
Page number,18.0,,,2,1.0
Page number,19.0,,,2,1.0
Page number,20.0,,,2,1.0
Page number,22.0,,,2,1.0
Page number,22.0,,,2,1.0
Page number,23.0,,,2,1.0
Page number,23.0,,,2,1.0
Page number,23.0,,,2,1.0
Page number,24.0,,,2,1.0
Page number,26.0,,,2,1.0
Page number,28.0,,,2,1.0
Page number,32.0,,,2,1.0
Page number,32.0,,,2,1.0
Page number,33.0,,,2,1.0
Page number,33.0,,,2,1.0
Page number,34.0,,,2,1.0
Page number,35.0,,,2,1.0
Page number,35.0,,,2,1.0
Page number,36.0,,,2,1.0
Page number,36.0,,,2,1.0
Page number,37.0,,,2,1.0
Page number,44.0,,,2,1.0
Page number,44.0,,,2,1.0
Page number,45.0,,,2,1.0
Page number,45.0,,,2,1.0
Page number,48.0,,,2,1.0
Page number,48.0,,,2,1.0
Page number,49.0,,,2,1.0
Page number,49.0,,,2,1.0
Page number,51.0,,,2,1.0
Page number,52.0,,,2,1.0
Page number,52.0,,,2,1.0
Page number,53.0,,,2,1.0
Page number,54.0,,,2,1.0
Page number,54.0,,,2,1.0
Page number,55.0,,,2,1.0
Page number,56.0,,,2,1.0
Page number,57.0,,,2,1.0
Page number,57.0,,,2,1.0
Page number,58.0,,,2,1.0
Page number,58.0,,,2,1.0
Page number,60.0,,,2,1.0
Page number,61.0,,,2,1.0
Page number,62.0,,,2,1.0
Page number,62.0,,,2,1.0
Page number,64.0,,,2,1.0
Page number,65.0,,,2,1.0
Page number,66.0,,,2,1.0
Page number,68.0,,,2,1.0
Page number,69.0,,,2,1.0
Page number,72.0,,,2,1.0
Page number,44.0,,,2,1.0
Year,2022.0,,2022,2,1.0
Number of companies,4.0,,,3,1.0
Number of companies,5.0,,,3,1.0
Number of companies,500.0,,,3,1.0
Number of people employed,7500.0,,,3,1.0
Cyber opportunity jobs,17000.0,,2030,3,1.0
Number of firms,489.0,count,,4,1.0
Number of firms offering diversified services,2.0,count,,4,1.0
Number of large firms,6.0,count,,4,1.0
Number of SMEs,6.0,count,,4,1.0
Number of cyber security professionals,7351.0,count,,4,1.0
Percentage of employment supported by foreign direct investment,71.0,%,,4,1.0
Percentage of firms headquartered in the United States,28.0,%,,4,1.0
Percentage of employment supported by firms headquartered in the United States,55.0,%,,4,1.0
Number of offices,734.0,offices,,5,1.0
Number of firms,489.0,firms,,5,1.0
Percentage of offices in notable locations,73.0,%,,5,1.0
Number of offices in Dublin,8.0,offices,,5,1.0
Number of offices in Dublin,9.0,offices,,5,1.0
Percentage of firms offering managed security service provision,36.0,%,,5,1.0
"Percentage of firms offering securing applications, networks, and cloud environments services",31.0,%,,5,1.0
"Percentage of firms offering risk, compliance, and fraud services",28.0,%,,5,1.0
"Percentage of firms offering threat intelligence, monitoring, detection and analysis",26.0,%,,5,1.0
Percentage of firms offering operational technology security and connected devices,13.0,%,,5,1.0
"Percentage of firms offering identification, authentication, and access control",11.0,%,,5,1.0
Annual growth rate of the workforce,10.0,%,,5,1.0
Estimated number of cyber security professionals by 2030,17000.0,professionals,2030,5,1.0
10,10.0,,,6,1.0
11,11.0,,,6,1.0
01,1.0,,,6,1.0
07,7.0,,,6,1.0
03,3.0,,,6,1.0
02,2.0,,,6,1.0
08,8.0,,,6,1.0
04,4.0,,,6,1.0
05,5.0,,,6,1.0
06,6.0,,,6,1.0
Number of pages,12.0,,,7,1.0
Number of pages,12.0,,,7,1.0
Year of foundation,2019.0,,2019,7,1.0
Number,12.0,,,7,1.0
Number,13.0,,,7,1.0
14,14.0,,,8,1.0
15,15.0,,,8,1.0
489,489.0,,,8,1.0
01,1.0,,,8,1.0
02,2.0,,,8,1.0
03,3.0,,,8,1.0
04,4.0,,,8,1.0
75%,75.0,%,,8,1.0
Number of pages,16.0,,,9,1.0
Number of pages,17.0,,,9,1.0
Number of firms,489.0,,,9,1.0
18,18.0,,,10,1.0
18,18.0,,,10,1.0
19,19.0,,,10,1.0
02,2.0,,,10,1.0
2019,2019.0,,2019,10,1.0
2019,2019.0,,2019,10,1.0
2024,2024.0,,2024,10,1.0
2.1,2.1,,,10,1.0
20,20.0,,,11,1.0
21,21.0,,,11,1.0
2.2,2.2,,,11,1.0
Number of firms,22.0,,,12,1.0
Number of firms,23.0,,,12,1.0
Number of firms,3.2,,,12,1.0
Number of firms,489.0,,,12,1.0
Proportion of large companies,44.0,%,,12,1.0
Percentage of SMEs in wider Irish economy,99.0,%,,12,1.0
Proportion of large firms in Ireland’s cyber security sector,44.0,%,,12,1.0
Proportion of large firms in UK cyber security sector,10.0,%,,12,1.0
Proportion of SMEs in Ireland’s cyber security sector,56.0,%,,12,1.0
Proportion of medium SMEs in Ireland’s cyber security sector,12.0,%,,12,1.0
Proportion of small SMEs in Ireland’s cyber security sector,16.0,%,,12,1.0
Proportion of micro SMEs in Ireland’s cyber security sector,28.0,%,,12,1.0
Threshold for large firms,250.0,,,12,1.0
Threshold for medium firms,50.0,,,12,1.0
Threshold for small firms,10.0,,,12,1.0
Threshold for micro firms,2.0,m,,12,1.0
Threshold for large firms (turnover),50.0,m,,12,1.0
Threshold for large firms (balance sheet total),43.0,m,,12,1.0
Threshold for medium firms (balance sheet total),43.0,m,,12,1.0
Threshold for small firms (balance sheet total),43.0,m,,12,1.0
Threshold for micro firms (balance sheet total),2.0,m,,12,1.0
Threshold for micro firms (turnover),2.0,m,,12,1.0
Threshold for small firms (turnover),10.0,m,,12,1.0
Threshold for medium firms (turnover),50.0,m,,12,1.0
Threshold for large firms (employees),250.0,,,12,1.0
Threshold for medium firms (employees),50.0,,,12,1.0
Threshold for small firms (employees),10.0,,,12,1.0
Threshold for micro firms (employees),10.0,,,12,1.0
Year of publication of UK Cyber Security Sectoral Analysis,2021.0,,2021,12,1.0
Year of publication of Business Demography 2019,2019.0,,2019,12,1.0
24,24.0,,,13,1.0
25,25.0,,,13,1.0
8,8.0,,,13,1.0
n,489.0,,,13,1.0
160,160.0,,,13,1.0
33%,33.0,%,,13,1.0
329,329.0,,,13,1.0
67%,67.0,%,,13,1.0
0%,0.0,%,,13,1.0
13%,13.0,%,,13,1.0
40%,40.0,%,,13,1.0
60%,60.0,%,,13,1.0
61%,61.0,%,,13,1.0
39%,39.0,%,,13,1.0
87%,87.0,%,,13,1.0
33%,33.0,%,,13,1.0
67%,67.0,%,,13,1.0
10%,10.0,%,,13,1.0
20%,20.0,%,,13,1.0
30%,30.0,%,,13,1.0
40%,40.0,%,,13,1.0
50%,50.0,%,,13,1.0
60%,60.0,%,,13,1.0
80%,80.0,%,,13,1.0
90%,90.0,%,,13,1.0
100%,100.0,%,,13,1.0
70%,70.0,%,,13,1.0
39%,39.0,%,,13,1.0
0%,0.0,%,,13,1.0
49%,49.0,%,,13,1.0
40%,40.0,%,,13,1.0
60%,60.0,%,,13,1.0
240,240.0,,,13,1.0
139,139.0,,,13,1.0
28%,28.0,%,,13,1.0
53,53.0,,,13,1.0
11%,11.0,%,,13,1.0
30,30.0,,,13,1.0
6%,6.0,%,,13,1.0
33%,33.0,%,,13,1.0
67%,67.0,%,,13,1.0
NUMBER OF FIRMS PER TAXONOMY GROUP,26.0,,,14,1.0
NUMBER OF FIRMS PER TAXONOMY GROUP,27.0,,,14,1.0
"PERCENTAGE OF FIRMS OFFERING RISK, COMPLIANCE, OR FRAUD SERVICES",28.0,%,,14,1.0
NUMBER OF FIRMS,489.0,,,14,1.0
PERCENTAGE OF FOREIGN-OWNED FIRMS,89.0,%,,14,1.0
NUMBER OF FOREIGN-OWNED FIRMS,194.0,,,14,1.0
NUMBER OF DOMESTIC FIRMS,23.0,,,14,1.0
NUMBER OF ALL FIRMS,217.0,,,14,1.0
NUMBER OF LARGE FOREIGN-OWNED FIRMS,17.0,,,14,1.0
NUMBER OF MEDIUM FOREIGN-OWNED FIRMS,41.0,,,14,1.0
NUMBER OF SMALL FOREIGN-OWNED FIRMS,58.0,,,14,1.0
NUMBER OF MICRO FOREIGN-OWNED FIRMS,137.0,,,14,1.0
NUMBER OF LARGE DOMESTIC FIRMS,249.0,,,14,1.0
NUMBER OF MEDIUM DOMESTIC FIRMS,54.0,,,14,1.0
NUMBER OF SMALL DOMESTIC FIRMS,77.0,,,14,1.0
NUMBER OF MICRO DOMESTIC FIRMS,122.0,,,14,1.0
TOTAL NUMBER OF DOMESTIC FIRMS,240.0,,,14,1.0
TOTAL NUMBER OF ALL FIRMS,489.0,,,14,1.0
REVENUE OF FOREIGN-OWNED FIRMS,46.0,M£,,14,1.0
REVENUE OF FOREIGN-OWNED FIRMS,51.0,M£,,14,1.0
NUMBER OF FOREIGN-OWNED FIRMS PROVIDING MANAGED SECURITY OR ADVISORY SERVICES,100.0,,,14,1.0
"NUMBER OF FOREIGN-OWNED FIRMS PROVIDING RISK, COMPLIANCE, OR FRAUD SERVICES",174.0,,,14,1.0
"NUMBER OF FOREIGN-OWNED FIRMS PROVIDING THREAT INTELLIGENCE, MONITORING, DETECTION & ANALYSIS",150.0,,,14,1.0
"NUMBER OF FOREIGN-OWNED FIRMS PROVIDING IDENTIFICATION, AUTHENTICATION & ACCESS CONTROL",151.0,,,14,1.0
NUMBER OF FOREIGN-OWNED FIRMS PROVIDING OTHER SERVICES,129.0,,,14,1.0
"NUMBER OF FOREIGN-OWNED FIRMS PROVIDING SECURING APPLICATIONS, NETWORKS & CLOUD ENVIRONMENTS",138.0,,,14,1.0
"NUMBER OF FOREIGN-OWNED FIRMS PROVIDING RISK, COMPLIANCE, OR FRAUD SERVICES",64.0,,,14,1.0
"NUMBER OF FOREIGN-OWNED FIRMS PROVIDING THREAT INTELLIGENCE, MONITORING, DETECTION & ANALYSIS",92.0,,,14,1.0
NUMBER OF FOREIGN-OWNED FIRMS PROVIDING OTHER SERVICES,56.0,,,14,1.0
"NUMBER OF FOREIGN-OWNED FIRMS PROVIDING SECURING APPLICATIONS, NETWORKS & CLOUD ENVIRONMENTS",31.0,%,,14,1.0
"NUMBER OF FOREIGN-OWNED FIRMS PROVIDING RISK, COMPLIANCE, OR FRAUD SERVICES",11.0,%,,14,1.0
"NUMBER OF FOREIGN-OWNED FIRMS PROVIDING THREAT INTELLIGENCE, MONITORING, DETECTION & ANALYSIS",13.0,%,,14,1.0
NUMBER OF FOREIGN-OWNED FIRMS PROVIDING OTHER SERVICES,19.0,%,,14,1.0
28,28.0,,,15,1.0
29,29.0,,,15,1.0
489,489.0,,,15,1.0
734,734.0,,,15,1.0
3.6,3.6,,,15,1.0
37,37.0,,,15,1.0
92,92.0,,,15,1.0
7,7.0,,,15,1.0
8,8.0,,,15,1.0
31,31.0,,,15,1.0
5,5.0,,,15,1.0
100,100.0,,,15,1.0
297,297.0,,,15,1.0
4,4.0,,,15,1.0
3,3.0,,,15,1.0
27,27.0,,,15,1.0
3,3.0,,,15,1.0
55,55.0,,,15,1.0
3,3.0,,,15,1.0
86,86.0,,,15,1.0
191,191.0,,,15,1.0
543,543.0,,,15,1.0
1.5,1.5,,,15,1.0
734,734.0,,,15,1.0
Number of offices in Dublin region,30.0,,,16,1.0
Number of offices in Dublin region,31.0,,,16,1.0
Number of offices in Cork region,129.0,,,16,1.0
Number of offices in Limerick region,30.0,,,16,1.0
Cyber security related employment in Ireland,7351.0,people,,17,1.0
Gross Value Added (GVA) related to the cyber security sector in Ireland,32.0,,,17,1.0
Number of firms employing between one to nine cyber security professionals,65.0,%,,17,1.0
Number of firms employing between 10 – 49 cyber security professionals,27.0,%,,17,1.0
Number of firms employing 50+ cyber security staff,8.0,%,,17,1.0
Number of businesses identified,489.0,businesses,,17,1.0
CYBER SECURITY EMPLOYMENT,34.0,,,18,1.0
CYBER SECURITY EMPLOYMENT,35.0,,,18,1.0
CYBER SECURITY EMPLOYMENT,7.0,,,18,1.0
CYBER SECURITY EMPLOYMENT,55.0,%,,18,1.0
CYBER SECURITY EMPLOYMENT,2101.0,,,18,1.0
CYBER SECURITY EMPLOYMENT,0.0,,,18,1.0
CYBER SECURITY EMPLOYMENT,1000.0,,,18,1.0
CYBER SECURITY EMPLOYMENT,2000.0,,,18,1.0
CYBER SECURITY EMPLOYMENT,3000.0,,,18,1.0
CYBER SECURITY EMPLOYMENT,4000.0,,,18,1.0
CYBER SECURITY EMPLOYMENT,13.0,%,,18,1.0
CYBER SECURITY EMPLOYMENT,196.0,,,18,1.0
CYBER SECURITY EMPLOYMENT,3.0,%,,18,1.0
CYBER SECURITY EMPLOYMENT,253.0,,,18,1.0
CYBER SECURITY EMPLOYMENT,2.0,%,,18,1.0
CYBER SECURITY EMPLOYMENT,150.0,,,18,1.0
CYBER SECURITY EMPLOYMENT,2.0,%,,18,1.0
CYBER SECURITY EMPLOYMENT,120.0,,,18,1.0
CYBER SECURITY EMPLOYMENT,0.0,%,,18,1.0
CYBER SECURITY EMPLOYMENT,10.0,,,18,1.0
CYBER SECURITY EMPLOYMENT,4046.0,,,18,1.0
CYBER SECURITY EMPLOYMENT,29.0,%,,18,1.0
CYBER SECURITY EMPLOYMENT,2101.0,,,18,1.0
CYBER SECURITY EMPLOYMENT,6.0,%,,18,1.0
CYBER SECURITY EMPLOYMENT,475.0,,,18,1.0
CYBER SECURITY EMPLOYMENT,3.0,%,,18,1.0
CYBER SECURITY EMPLOYMENT,3368.0,,,18,1.0
CYBER SECURITY EMPLOYMENT,46.0,%,,18,1.0
CYBER SECURITY EMPLOYMENT,3983.0,,,18,1.0
CYBER SECURITY EMPLOYMENT,54.0,%,,18,1.0
CYBER SECURITY EMPLOYMENT,0.0,,,18,1.0
CYBER SECURITY EMPLOYMENT,1000.0,,,18,1.0
CYBER SECURITY EMPLOYMENT,2000.0,,,18,1.0
CYBER SECURITY EMPLOYMENT,3000.0,,,18,1.0
CYBER SECURITY EMPLOYMENT,4000.0,,,18,1.0
CYBER SECURITY EMPLOYMENT,5000.0,,,18,1.0
CYBER SECURITY EMPLOYMENT,6000.0,,,18,1.0
CYBER SECURITY EMPLOYMENT,13.0,%,,18,1.0
CYBER SECURITY EMPLOYMENT,72.0,%,,18,1.0
CYBER SECURITY EMPLOYMENT,5304.0,,,18,1.0
CYBER SECURITY EMPLOYMENT,15.0,%,,18,1.0
CYBER SECURITY EMPLOYMENT,1130.0,,,18,1.0
CYBER SECURITY EMPLOYMENT,8.0,%,,18,1.0
CYBER SECURITY EMPLOYMENT,620.0,,,18,1.0
CYBER SECURITY EMPLOYMENT,4.0,%,,18,1.0
CYBER SECURITY EMPLOYMENT,297.0,,,18,1.0
38,38.0,,,20,1.0
39,39.0,,,20,1.0
174,174.0,,,20,1.0
36%,36.0,%,,20,1.0
151,151.0,,,20,1.0
31%,31.0,%,,20,1.0
138,138.0,,,20,1.0
28%,28.0,%,,20,1.0
129,129.0,,,20,1.0
26%,26.0,%,,20,1.0
64,64.0,,,20,1.0
13%,13.0,%,,20,1.0
56,56.0,,,20,1.0
11%,11.0,%,,20,1.0
92,92.0,,,20,1.0
19%,19.0,%,,20,1.0
"3,372",3372.0,,,20,1.0
"3,983",3983.0,,,20,1.0
"7,351",7351.0,,,20,1.0
"2,299",2299.0,,,20,1.0
13,13.0,,,20,1.0
489,489.0,,,20,1.0
9.7,9.7,,,20,1.0
12,12.0,,,20,1.0
104,104.0,,,20,1.0
6,6.0,,,20,1.0
"52,727",52727.0,,,20,1.0
15,15.0,,,20,1.0
"1,838",1838.0,,,20,1.0
2.7,2.7,,,20,1.0
16,16.0,,,20,1.0
Number of known firms,55.0,domestic SMEs,,22,1.0
Number of firms,424.0,firms,,22,1.0
Number of firms,424.0,firms,,22,1.0
Percentage of global FDI,20.0,%,2016,22,1.0
Number of cyber security companies,450.0,companies,2018,22,1.0
Number of employees in the cyber security sector in Ireland,7351.0,,2022,23,1.0
Estimated number of employees in the cyber security sector in Ireland (National Cyber Security Strategy),6500.0,,2019,23,1.0
Growth rate of the cyber security sector in Ireland,10.0,%,,23,1.0
Percentage of firms surveyed predicting growth,83.0,%,,23,1.0
Number of firms surveyed,76.0,,,23,1.0
Annual shortfall of people in cyber security roles in Ireland,10000.0,,,23,1.0
Number of active job vacancies related to cyber security skills in Ireland,800.0,,2021,23,1.0
NUMBER OF JOB POSTINGS,46.0,,,24,1.0
NUMBER OF JOB POSTINGS,47.0,,,24,1.0
NUMBER OF JOB POSTINGS,658.0,,2021,24,1.0
NUMBER OF POSTS,0.0,,,24,1.0
NUMBER OF POSTS,200.0,,,24,1.0
NUMBER OF POSTS,400.0,,,24,1.0
NUMBER OF POSTS,600.0,,,24,1.0
NUMBER OF POSTS,800.0,,,24,1.0
NUMBER OF POSTS,59.0,,,24,1.0
NUMBER OF POSTS,82.0,,,24,1.0
NUMBER OF POSTS,10.0,,,24,1.0
NUMBER OF POSTS,53.0,,,24,1.0
NUMBER OF POSTS,6.0,,,24,1.0
NUMBER OF POSTS,818.0,,,24,1.0
NUMBER OF POSTS,599.0,,,24,1.0
NUMBER OF POSTS,440.0,,,24,1.0
NUMBER OF POSTS,151.0,,,24,1.0
NUMBER OF POSTS,27.0,,,24,1.0
NUMBER OF POSTS,26.0,,,24,1.0
NUMBER OF POSTS,18.0,,,24,1.0
NUMBER OF POSTS,17.0,,,24,1.0
NUMBER OF POSTS,16.0,,,24,1.0
NUMBER OF POSTS,15.0,,,24,1.0
NUMBER OF POSTS,13.0,,,24,1.0
NUMBER OF POSTS,13.0,,,24,1.0
PERCENTAGE,10.0,%,,24,1.0
PERCENTAGE,20.0,%,,24,1.0
PERCENTAGE,30.0,%,,24,1.0
PERCENTAGE,40.0,%,,24,1.0
PERCENTAGE,13.0,%,,24,1.0
PERCENTAGE,87.0,%,,24,1.0
PERCENTAGE,20.8,%,,24,1.0
PERCENTAGE,36.8,%,,24,1.0
PERCENTAGE,42.4,%,,24,1.0
NUMBER OF CYBER SECURITY PROFESSIONALS,15000.0,+,2030,24,1.0
NUMBER OF PROFESSIONALS TO BE TRAINED,250000.0,,2025,24,1.0
NUMBER OF NEW JOBS CREATED,85.0,,2020,24,1.0
NUMBER OF STAFF TO BE TRAINED,250000.0,,,24,1.0
NUMBER OF PROFESSIONALS TRAINED,250000.0,,2025,24,1.0
48,48.0,,,25,1.0
49,49.0,,,25,1.0
06,6.0,,,25,1.0
31,31.0,,,25,1.0
9,9.0,,,25,1.0
76%,76.0,%,2020,25,1.0
13%,13.0,%,,25,1.0
3%,3.0,%,,25,1.0
489,489.0,,,25,1.0
Number of people employed in the cyber security sector,7350.0,people,2022,27,1.0
Growth rate,10.0,%,,27,1.0
Number of cyber security roles,17333.0,roles,2030,27,1.0
Current estimate of annual GVA,1075523670.0,€,2021,27,1.0
Current estimate of number of people employed,7351.0,people,2021,27,1.0
Projection of annual GVA,1183076038.0,€,2022,27,1.0
Projection of number of people employed,8086.0,people,2022,27,1.0
Annual GVA,1301383641.0,€,,27,1.0
Number of people employed,8895.0,people,2023,27,1.0
Number of people employed,9784.0,people,2024,27,1.0
Number of people employed,10763.0,people,2025,27,1.0
Number of people employed,11839.0,people,2026,27,1.0
Number of people employed,13023.0,people,2027,27,1.0
Annual GVA,1431522005.0,€,2028,27,1.0
Annual GVA,1732141627.0,€,2030,27,1.0
Number of people employed,17333.0,people,2030,27,1.0
Annual GVA,1905355789.0,€,2030,27,1.0
Annual GVA,2095891368.0,€,2030,27,1.0
Annual GVA,2305480505.0,€,2030,27,1.0
Annual GVA,2536028556.0,€,2030,27,1.0
Businesses expecting growth,83.0,%,,28,1.0
Businesses expecting growth rate of 25% or higher,51.0,%,,28,1.0
Number of acquisitions,14.0,number,,28,1.0
Respondents noting personnel-related issue,61.0,%,,28,1.0
Respondents noting lack of candidates,41.0,%,,28,1.0
Respondents noting competition from other businesses,33.0,%,,28,1.0
Respondents noting lack of non-technical skills,22.0,%,,28,1.0
Respondents noting unaffordable salaries,21.0,%,,28,1.0
Respondents viewing market uncertainty as a barrier,33.0,%,,28,1.0
Respondents viewing COVID-19 as a barrier,24.0,%,,28,1.0
Respondents viewing UK's Exiting from the European Union as a barrier,11.0,%,,28,1.0
Respondents facing issues with raising or securing finance,26.0,%,,28,1.0
Respondents facing lack of finance to grow or expand operations,16.0,%,,28,1.0
Respondents facing insufficient scale to serve larger clients,14.0,%,,28,1.0
Respondents facing lack of cash flow or working capital,8.0,%,,28,1.0
Ratio of AI talent in Europe,1.0,ratio,,28,1.0
Third-level attainment among 30–34-year-olds in Ireland,55.0,%,,28,1.0
EU average third-level attainment among 30–34-year-olds,40.0,%,,28,1.0
Number of courses developed in line with industry needs in Ireland,50.0,number,,28,1.0
Number of new jobs created by Microsoft's pre-employment training course,85.0,number,,28,1.0
Percentage of tuition fees covered by scholarships,50.0,%,,28,1.0
Number of pages,56.0,,,29,1.0
Number of pages,57.0,,,29,1.0
Percentage of surveyed firms that export,80.0,%,,29,1.0
Number of surveyed firms,71.0,,,29,1.0
Percentage of surveyed firms that export,83.0,%,,29,1.0
Percentage of surveyed firms that export,79.0,%,,29,1.0
"Percentage of surveyed firms that export to Europe incl. EU, EEA, EFTA",83.0,%,,29,1.0
Percentage of surveyed firms that export to United Kingdom,100.0,%,,29,1.0
Percentage of surveyed firms that export to North America,93.0,%,,29,1.0
Percentage of surveyed firms that export to Asia-Pacific,87.0,%,,29,1.0
Percentage of surveyed firms that export to Central or South America,70.0,%,,29,1.0
Percentage of surveyed firms that export to Africa,80.0,%,,29,1.0
Percentage of surveyed firms that export to Gulf States,89.0,%,,29,1.0
Percentage of surveyed firms that export to Other,86.0,%,,29,1.0
Percentage of surveyed firms that export to ALL FIRMS,32.0,%,,29,1.0
Percentage of surveyed firms that export to DOMESTIC FIRMS,27.0,%,,29,1.0
Percentage of surveyed firms that export to FOREIGN-OWNED FIRMS,6.0,%,,29,1.0
Percentage of EU’s data hosted in Ireland,30.0,%,,29,1.0
Rank of Ireland in the European Commission Digital Economy and Society Index (DESI),7.0,,2019,29,1.0
Number of UK-based firms with a cyber security team operating in Ireland,50.0,,,29,1.0
58,58.0,,,30,1.0
59,59.0,,,30,1.0
7.4,7.4,,,30,1.0
18,18.0,months,,30,1.0
45,45.0,,,30,1.0
10,10.0,,,30,1.0
87%,87.0,%,,30,1.0
39,39.0,,,30,1.0
29,29.0,,,30,1.0
17,17.0,,,30,1.0
14,14.0,,,30,1.0
13,13.0,,,30,1.0
4,4.0,,,30,1.0
8,8.0,,,30,1.0
53,53.0,,,30,1.0
95,95.0,,,30,1.0
59,59.0,,,30,1.0
38,38.0,,,30,1.0
32,32.0,,,30,1.0
30,30.0,,,30,1.0
budget for cyber security services,47.0,,null,31,1.0
Global Cyber Security Index,2020.0,,2020,31,1.0
percentage of businesses that suffered a cybercrime,61.0,%,null,31,1.0
percentage of UK businesses that reported a breach,46.0,%,null,31,1.0
percentage of firms engaged with a cyber security cluster,56.0,%,null,31,1.0
"percentage of firms engaged with a university, Institute of Technology, or other higher education provider",51.0,%,null,31,1.0
percentage of firms engaged with a public organisation that offered economic development support,44.0,%,null,31,1.0
percentage of firms engaged with other cyber security businesses,35.0,%,null,31,1.0
percentage of firms engaged at meetup events,33.0,%,null,31,1.0
percentage of firms engaged with other public sector bodies,20.0,%,null,31,1.0
percentage of firms that cited increasing awareness of brand as a reason for collaboration,60.0,%,null,31,1.0
percentage of firms that cited making new business deals as a reason for collaboration,46.0,%,null,31,1.0
percentage of firms that cited supporting R&D activities as a reason for collaboration,31.0,%,null,31,1.0
percentage of firms that cited providing mentorships to others as a reason for collaboration,21.0,%,null,31,1.0
percentage of firms that cited attracting investment as a reason for collaboration,17.0,%,null,31,1.0
Number of firms offering a product or service,489.0,,,32,1.0
Number of employees in the sector,7351.0,,,32,1.0
Percentage of employees employed in a firm headquartered overseas,71.0,%,,32,1.0
Percentage of employment supported by US-headquartered firms,55.0,%,,32,1.0
Number of offices across the country,734.0,,,32,1.0
64,64.0,,,33,1.0
65,65.0,,,33,1.0
8.2,8.2,,,33,1.0
30%,30.0,%,,33,1.0
7th,7.0,,,33,1.0
10%+,10.0,%,,33,1.0
"17,000",17000.0,,,33,1.0
51,51.0,,,33,1.0
"10,000",10000.0,,,33,1.0
5+,5.0,,,33,1.0
61%,61.0,%,,33,1.0
46%,46.0,%,,33,1.0
66,66.0,,,34,1.0
67,67.0,,,34,1.0
8.4,8.4,,,34,1.0
55,55.0,,,34,1.0
1,1.0,,,34,1.0
2,2.0,,,34,1.0
3,3.0,,,34,1.0
4,4.0,,,34,1.0
5,5.0,,,34,1.0
6,6.0,,,34,1.0
7,7.0,,,34,1.0
8,8.0,,,34,1.0
56,56.0,,,34,1.0
68,68.0,,2022,35,1.0
68,68.0,,2022,35,1.0
09,9.0,,,35,1.0
9.1,9.1,,,35,1.0
68,68.0,,2022,35,1.0
01,1.0,,,35,1.0
02,2.0,,,35,1.0
03,3.0,,,35,1.0
04,4.0,,,35,1.0
70,70.0,,,36,1.0
71,71.0,,,36,1.0
100,100.0,,,36,1.0
489,489.0,,,36,1.0
c.600,600.0,word,,36,1.0
7,7.0,,,36,1.0
100,100.0,,,36,1.0
10,10.0,%,,36,1.0
72,72.0,,,37,1.0
73,73.0,,,37,1.0
9.2,9.2,,,37,1.0
85,85.0,,2020,37,1.0
"250,000",250000.0,jobs,2021,37,1.0
10 times more,10.0,,2021,37,1.0
74,74.0,,,38,1.0
75,75.0,,,38,1.0
450,450.0,,2018,38,1.0
CYBER IRELAND EDITION,2022.0,year,2022,39,1.0
number,76.0,null,null,39,1.0
Labour Market Overview,44.0,,,2,1.0
Job Vacancies Analysis,45.0,,,2,1.0
Recommendations,9.0,,,2,1.0
Introduction,12.0,,,2,1.0
Research Objectives,14.0,,,2,1.0
Team and Acknowledgements,14.0,,,2,1.0
Scope,15.0,,,2,1.0
Methodology,16.0,,,2,1.0
Introduction,18.0,,,2,1.0
Introduction,19.0,,,2,1.0
Defining Cyber Security,20.0,,,2,1.0
Number of Firms,23.0,,,2,1.0
Number of Registered Firms by Size,23.0,,,2,1.0
Dedicated and Diversified Providers,23.0,,,2,1.0
Number of Firms by Headquartered Location,24.0,,,2,1.0
Products and Services (Taxonomy),26.0,,,2,1.0
Location of Cyber Security Firms,28.0,,,2,1.0
Estimated Cyber Security Revenue,33.0,,,2,1.0
Estimated Cyber Security Employment,33.0,,,2,1.0
Gross Value Added,36.0,,,2,1.0
Sector Summary,36.0,,,2,1.0
Benchmarking,37.0,,,2,1.0
CYBER IRELAND 2022 EDITION,2022.0,,2022,2,1.0
number of cyber security providers,489.0,,,9,1.0
NUMBER OF FIRMS,489.0,,,12,1.0
PERCENTAGE OF LARGE FIRMS,44.0,%,,12,1.0
PERCENTAGE OF LARGE FIRMS IN UK,10.0,%,2021,12,1.0
PERCENTAGE OF SMEs,56.0,%,,12,1.0
PERCENTAGE OF MEDIUM FIRMS,12.0,%,,12,1.0
PERCENTAGE OF SMALL FIRMS,16.0,%,,12,1.0
PERCENTAGE OF MICRO FIRMS,28.0,%,,12,1.0
PERCENTAGE OF BUSINESS POPULATION,99.0,%,,12,1.0
percentage,44.0,%,,12,1.0
percentage,16.0,%,,12,1.0
percentage,12.0,%,,12,1.0
percentage,16.0,%,,12,1.0
percentage,28.0,%,,12,1.0
Percentage,87.0,%,,13,1.0
Percentage,67.0,%,,13,1.0
Percentage,60.0,%,,13,1.0
Percentage,61.0,%,,13,1.0
Percentage,60.0,%,,13,1.0
Percentage,39.0,%,,13,1.0
Percentage,40.0,%,,13,1.0
Percentage,40.0,%,,13,1.0
Percentage,39.0,%,,13,1.0
Percentage,33.0,%,,13,1.0
Percentage,13.0,%,,13,1.0
percentage,49.0,%,,13,1.0
percentage,49.0,%,,13,1.0
percentage,46.0,%,,13,1.0
percentage,60.0,%,,13,1.0
percentage,39.0,%,,13,1.0
number,139.0,,,13,1.0
percentage,40.0,%,,13,1.0
percentage,28.0,%,,13,1.0
number,53.0,,,13,1.0
number,21.0,,,13,1.0
percentage,11.0,%,,13,1.0
number,9.0,,,13,1.0
number,8.0,,,13,1.0
number,8.0,,,13,1.0
number,6.0,,,13,1.0
number,5.0,,,13,1.0
percentage,4.0,%,,13,1.0
percentage,2.0,%,,13,1.0
percentage,2.0,%,,13,1.0
percentage,2.0,%,,13,1.0
number,1.0,,,13,1.0
number,1.0,,,13,1.0
Firms,217.0,,,14,1.0
Firms,58.0,,,14,1.0
Firms,77.0,,,14,1.0
Firms,137.0,,,14,1.0
Firms,489.0,,,14,1.0
Percentage,89.0,%,,14,1.0
Percentage,11.0,%,,14,1.0
Percentage,29.0,%,,14,1.0
Percentage,71.0,%,,14,1.0
Percentage,30.0,%,,14,1.0
Percentage,70.0,%,,14,1.0
Percentage,11.0,%,,14,1.0
Percentage,89.0,%,,14,1.0
Percentage,51.0,%,,14,1.0
Percentage,49.0,%,,14,1.0
FTEs,250.0,,,14,1.0
FTEs,50.0,,,14,1.0
FTEs,10.0,,,14,1.0
FTEs,1.0,,,14,1.0
174,174.0,,,14,1.0
36%,36.0,%,,14,1.0
151,151.0,,,14,1.0
31%,31.0,%,,14,1.0
138,138.0,,,14,1.0
129,129.0,,,14,1.0
28%,28.0,%,,14,1.0
3992%,3992.0,%,,14,1.0
60%,60.0,%,,14,1.0
19%,19.0,%,,14,1.0
64,64.0,,,14,1.0
40%,40.0,%,,14,1.0
56,56.0,,,14,1.0
13%,13.0,%,,14,1.0
NO. OF CYBER SECURITY OFFICES,129.0,,,15,1.0
NO. OF OFFICES,37.0,,,15,1.0
NO. OF OFFICES BUSINESSES,92.0,,,15,1.0
NO. OF OFFICES BUSINESSES PER 10K POPULATION,7.0,,,15,1.0
NO. OF CYBER SECURITY OFFICES,39.0,,,15,1.0
NO. OF OFFICES,8.0,,,15,1.0
NO. OF OFFICES BUSINESSES,31.0,,,15,1.0
NO. OF OFFICES BUSINESSES PER 10K POPULATION,5.0,,,15,1.0
NO. OF CYBER SECURITY OFFICES,397.0,,,15,1.0
NO. OF OFFICES,100.0,,,15,1.0
NO. OF OFFICES BUSINESSES,297.0,,,15,1.0
NO. OF OFFICES BUSINESSES PER 10K POPULATION,4.0,,,15,1.0
NO. OF CYBER SECURITY OFFICES,30.0,,,15,1.0
NO. OF OFFICES,3.0,,,15,1.0
NO. OF OFFICES BUSINESSES,27.0,,,15,1.0
NO. OF OFFICES BUSINESSES PER 10K POPULATION,3.0,,,15,1.0
NO. OF CYBER SECURITY OFFICES,86.0,,,15,1.0
NO. OF OFFICES,31.0,,,15,1.0
NO. OF OFFICES BUSINESSES,55.0,,,15,1.0
NO. OF OFFICES BUSINESSES PER 10K POPULATION,3.0,,,15,1.0
NO. OF CYBER SECURITY OFFICES,734.0,,,15,1.0
NO. OF OFFICES,191.0,,,15,1.0
NO. OF OFFICES BUSINESSES,543.0,,,15,1.0
NO. OF OFFICES BUSINESSES PER 10K POPULATION,1.5,,,15,1.0
population,2101.0,,,18,1.0
percentage,29.0,%,,18,1.0
percentage,6.0,%,,18,1.0
number,253.0,,,18,1.0
number,196.0,,,18,1.0
number,150.0,,,18,1.0
number,120.0,,,18,1.0
percentage,3.0,%,,18,1.0
percentage,313.0,%,,18,1.0
number,10.0,,,18,1.0
percentage,2.0,%,,18,1.0
percentage,2.0,%,,18,1.0
percentage,0.0,%,,18,1.0
number,475.0,,,18,1.0
Total Firms Employment,489.0,,,19,1.0
Dedication of Service,160.0,,,19,1.0
Dedicated Cyber Security Services,160.0,,,19,1.0
Diversified Services That Include a Cyber Security Offering,329.0,,,19,1.0
Country of Origin - Domestic Firms,240.0,,,19,1.0
Country of Origin - Foreign-Owned Firms,249.0,,,19,1.0
Size - Large,217.0,,,19,1.0
Size - Medium,58.0,,,19,1.0
Size - Small,77.0,,,19,1.0
Size - Micro,137.0,,,19,1.0
Dedicated Cyber Security Services,3368.0,,,19,1.0
Diversified Services That Include a Cyber Security Offering,3983.0,,,19,1.0
Country of Origin - Domestic Firms,2101.0,,,19,1.0
Country of Origin - Foreign-Owned Firms,5250.0,,,19,1.0
Size - Large,5304.0,,,19,1.0
Size - Medium,1130.0,,,19,1.0
Size - Small,620.0,,,19,1.0
Size - Micro,297.0,,,19,1.0
NUMBER OF EMPLOYEES,3372.0,,,19,1.0
NUMBER OF EMPLOYEES,3983.0,,,19,1.0
NO. OF FIRMS,174.0,,,20,1.0
NO. OF FIRMS,151.0,,,20,1.0
NO. OF FIRMS,138.0,,,20,1.0
NO. OF FIRMS,129.0,,,20,1.0
NO. OF FIRMS,64.0,,,20,1.0
NO. OF FIRMS,56.0,,,20,1.0
NO. OF FIRMS,92.0,,,20,1.0
% OF FIRMS,36.0,%,,20,1.0
% OF FIRMS,31.0,%,,20,1.0
% OF FIRMS,28.0,%,,20,1.0
% OF FIRMS,26.0,%,,20,1.0
% OF FIRMS,13.0,%,,20,1.0
% OF FIRMS,11.0,%,,20,1.0
% OF FIRMS,19.0,%,,20,1.0
NO. OF FIRMS,489.0,,,20,1.0
NO. OF FIRMS,13.0,,,20,1.0
NO. OF FIRMS,1.0,838,,20,1.0
REGION NATIONAL EMPLOYEES,7.0,351,,20,1.0
REGION NATIONAL EMPLOYEES,2.0,299,,20,1.0
REGION NATIONAL EMPLOYEES,52.0,727,,20,1.0
SECTOR GVA,2.1,bn,,20,1.0
SECTOR GVA,1.1,bn,,20,1.0
SECTOR GVA,10.1,bn,,20,1.0
SECTOR GVA,11.9,bn,,20,1.0
SALARY,75.0,k,,20,1.0
SALARY,48.0,k,,20,1.0
SALARY,60.0,k,,20,1.0
SALARY,70.0,k,,20,1.0
REGION NATIONAL REVENUE,2.1,bn,,20,1.0
REGION NATIONAL REVENUE,1.1,bn,,20,1.0
REGION NATIONAL REVENUE,10.1,bn,,20,1.0
REGION NATIONAL REVENUE,11.9,bn,,20,1.0
REGION NATIONAL REVENUE,5.3,bn,,20,1.0
REGION NATIONAL REVENUE,6.3,bn,,20,1.0
POPULATION,9.7,,,20,1.0
POPULATION,6.0,,,20,1.0
POPULATION,2.7,,,20,1.0
EMPLOYEES,3372.0,,,20,1.0
EMPLOYEES,3983.0,,,20,1.0
Number of cyber security firms,5.0,times,,21,1.0
Percentage of employment supported by FDI,70.0,%,,21,1.0
Percentage of employment supported by FDI,79.0,%,,21,1.0
Number of cyber security job roles,5000.0,roles,2030,21,1.0
Number of firms providing cyber security products and services,3.0,times,,21,1.0
Cyber security investment per capita,10.0,times,,21,1.0
number of cyber security firms in the US,3500.0,firms,,21,1.0
number of cyber security firms in Ireland,491.0,firms,,21,1.0
Number of known firms,55.0,domestic SMEs,,22,1.0
Number of firms,20.0,,,22,1.0
Number of firms,424.0,,,22,1.0
Number of firms,5.0,"per 100,000 national population",,22,1.0
FDI,20.0,%,2016,22,1.0
Export Value,6.5,bn dollars,,22,1.0
Export Value,200.0,m euros,,22,1.0
value,599.0,,,24,1.0
value,440.0,,,24,1.0
value,82.0,,,24,1.0
value,151.0,,,24,1.0
value,59.0,,,24,1.0
value,53.0,,,24,1.0
value,10.0,,,24,1.0
value,6.0,,,24,1.0
percentage,36.8,%,,24,1.0
percentage,87.0,%,,24,1.0
percentage,20.8,%,,24,1.0
percentage,13.0,%,,24,1.0
funding_rounds,3.0,,,26,1.0
funding_rounds,3.0,,,26,1.0
hospitals,23.0,,,26,1.0
outpatient_facilities,830.0,,,26,1.0
funding_rounds,1.0,,,26,1.0
funding_rounds,2.0,,,26,1.0
GVA,1075523670.0,€,2021,27,1.0
GVA,1183076038.0,€,2022,27,1.0
GVA,1301383641.0,€,2023,27,1.0
GVA,1431522005.0,€,2024,27,1.0
GVA,1574674206.0,€,2025,27,1.0
GVA,1732141627.0,€,2026,27,1.0
GVA,1905355789.0,€,2027,27,1.0
GVA,2095891368.0,€,2028,27,1.0
GVA,2305480505.0,€,2029,27,1.0
GVA,2536028556.0,€,2030,27,1.0
Employment,7351.0,,2021,27,1.0
Employment,8086.0,,2022,27,1.0
Employment,8895.0,,2023,27,1.0
Employment,9784.0,,2024,27,1.0
Employment,10763.0,,2025,27,1.0
Employment,11839.0,,2026,27,1.0
Employment,13023.0,,2027,27,1.0
Employment,15758.0,,2029,27,1.0
Employment,17333.0,,2030,27,1.0
Percentage of surveyed firms that export,80.0,%,,29,1.0
Percentage of surveyed firms that export,83.0,%,,29,1.0
Percentage of surveyed firms that export,79.0,%,,29,1.0
"Europe incl. EU, EEA, EFTA",89.0,%,,29,1.0
"Europe incl. EU, EEA, EFTA",83.0,%,,29,1.0
"Europe incl. EU, EEA, EFTA",100.0,%,,29,1.0
United Kingdom,86.0,%,,29,1.0
United Kingdom,93.0,%,,29,1.0
United Kingdom,87.0,%,,29,1.0
North America,73.0,%,,29,1.0
North America,70.0,%,,29,1.0
North America,80.0,%,,29,1.0
Asia-Pacific,61.0,%,,29,1.0
Asia-Pacific,55.0,%,,29,1.0
Asia-Pacific,70.0,%,,29,1.0
Gulf States,38.0,%,,29,1.0
Gulf States,33.0,%,,29,1.0
Gulf States,47.0,%,,29,1.0
Central or South America,32.0,%,,29,1.0
Central or South America,23.0,%,,29,1.0
Central or South America,47.0,%,,29,1.0
Africa,27.0,%,,29,1.0
Africa,20.0,%,,29,1.0
Africa,37.0,%,,29,1.0
Other,6.0,%,,29,1.0
Other,5.0,%,,29,1.0
Other,7.0,%,,29,1.0
Number,39.0,,,30,1.0
Percentage,87.0,%,,30,1.0
Number,29.0,,,30,1.0
Number,17.0,,,30,1.0
Number,14.0,,,30,1.0
Number,13.0,,,30,1.0
Number,8.0,,,30,1.0
Number,5.0,,,30,1.0
Number,4.0,,,30,1.0
Number,1.0,,,30,1.0
